Object, x, y
sheep1, 0.3, 5.2
sheep2, -1.3, 0.2
sheep3, 4.2, -0.3
sheep4, -3.9, 1.2
sheep5, -5.0, 8.4
Coke1, 4.3, 6.4
Coke2, 1.3, -1.6
Coke3, -3.2, -0.6
Coke4, 2.4, 4.6
Coke5, 0.9, 2.2
Marker3, -0.152018, 2.441981
Marker5, -1.259500, 9.590655
Marker8, -2.316306, 6.739023
Marker16, 2.399418, -0.959422
Marker18, -3.246840, 0.076981
Marker21, 1.670587, 0.095548
Marker29, -5.502825, 3.990546
Marker30, 5.979300, 7.997851
Marker33, 2.904377, 6.141341
Marker36, -5.987709, -1.856481

