Object, x, y
sheep1, -4.4, 3.7
sheep2, 2.9, 2.8
sheep3, -0.1, -1.2
sheep4, -0.1, 7.5
sheep5, 3.2, 6.4
Coke1, -4.7, -1.9
Coke2, 0.2, 4.1
Coke3, -3.0, 6.2
Coke4, -1.2, 2.5
Coke5, 4.0, 0.3
Marker5, -0.935130, 9.583940
Marker9, 1.222862, -0.218782
Marker11, 4.429062, 3.159901
Marker15, -0.686656, -2.386490
Marker18, -1.798647, 4.612490
Marker22, 0.959007, 6.356266
Marker27, -3.030915, -0.526306
Marker30, 2.714555, 0.973313
Marker32, -4.066569, 4.836552
Marker36, 5.991273, 7.212360

